GUID, Name, Version, Location
aa2g.kant.rim.remover, Rim Remover, 1.1, BepInEx\plugins\RimRemover.dll
BepInEx.EnableFullScreenToggle, Enable Full Screen Toggle, 1.0, BepInEx\plugins\BepInEx.EnableFullScreenToggle.dll
BepInEx.EnableResize, Enable Resize, 1.5, BepInEx\plugins\BepInEx.EnableResize.dll
BepInEx.InputHotkeyBlock, Input Hotkey Block, 1.3, BepInEx\plugins\BepInEx.InputHotkeyBlock.dll
BepInEx.MuteInBackground, Mute In Background, 1.1, BepInEx\plugins\BepInEx.MuteInBackground.dll
BepInEx.OptimizeIMGUI, Optimize IMGUI GC allocations, 1.0, BepInEx\plugins\BepInEx.OptimizeIMGUI.dll
RuntimeUnityEditor, Runtime Unity Editor, 2.2.1, BepInEx\plugins\RuntimeUnityEditor\RuntimeUnityEditor.Bepin5.dll
CheatTools, Cheat Tools, 2.8, BepInEx\plugins\KK_CheatTools.dll
com.bepis.bepinex.extendedsave, Extended Save, 16.0, BepInEx\plugins\KK_BepisPlugins\ExtensibleSaveFormat.dll
gravydevsupreme.xunity.resourceredirector, XUnity Resource Redirector, 1.1.2, BepInEx\plugins\XUnity.ResourceRedirector\XUnity.ResourceRedirector.BepIn-5x.dll
com.bepis.bepinex.sideloader, Sideloader, 16.0, BepInEx\plugins\KK_BepisPlugins\Sideloader.dll
com.joan6694.illusionplugins.moreaccessories, MoreAccessories, 1.1.0, BepInEx\plugins\MoreAccessories.dll
marco.kkapi, Modding API, 1.13.3, BepInEx\plugins\KKAPI.dll
ClothingStateMenu, Clothing State Menu, 3.0.1, BepInEx\plugins\KK_ClothingStateMenu.dll
com.bepis.bepinex.colorcorrector, Color Filter Remover, 16.0, BepInEx\plugins\KK_BepisPlugins\ColorCorrector.dll
com.bepis.bepinex.configurationmanager, Configuration Manager, 16.0, BepInEx\plugins\ConfigurationManager.dll
com.bepis.bepinex.inputunlocker, Input Length Unlocker, 16.0, BepInEx\plugins\KK_BepisPlugins\InputUnlocker.dll
com.bepis.bepinex.screenshotmanager, Screenshot Manager, 16.0, BepInEx\plugins\KK_BepisPlugins\Screencap.dll
com.bepis.bepinex.sliderunlocker, Slider Unlocker, 16.0, BepInEx\plugins\KK_BepisPlugins\SliderUnlocker.dll
com.bepis.bgmloader, BGM Loader, 16.0, BepInEx\plugins\KK_BepisPlugins\BGMLoader.dll
com.bepis.messagecenter, Message Center, 1.1.1, BepInEx\plugins\BepInEx.MessageCenter.dll
com.cptgrey.bepinex.uniform, KK Uniform Uniforms, 1.1, BepInEx\plugins\KK_UniformUniforms.dll
com.deathweasel.bepinex.characterexport, Character Export, 1.0, BepInEx\plugins\KK_Plugins\KK_CharacterExport.dll
com.deathweasel.bepinex.charamakerloadedsound, Character Maker Loaded Sound, 1.0, BepInEx\plugins\KK_Plugins\KK_CharaMakerLoadedSound.dll
com.deathweasel.bepinex.clothingunlocker, Clothing Unlocker, 2.0.1, BepInEx\plugins\KK_Plugins\KK_ClothingUnlocker.dll
com.deathweasel.bepinex.colliders, Colliders, 1.1.1, BepInEx\plugins\KK_Plugins\KK_Colliders.dll
com.deathweasel.bepinex.demosaic, Demosaic, 1.1, BepInEx\plugins\KK_Plugins\KK_Demosaic.dll
com.deathweasel.bepinex.eyeshaking, Eye Shaking, 1.1, BepInEx\plugins\KK_Plugins\KK_EyeShaking.dll
com.deathweasel.bepinex.fadeadjuster, Fade Adjuster, 1.0, BepInEx\plugins\KK_Plugins\KK_FadeAdjuster.dll
com.deathweasel.bepinex.freehrandom, Free H Random, 1.2, BepInEx\plugins\KK_Plugins\KK_FreeHRandom.dll
com.deathweasel.bepinex.hairaccessorycustomizer, Hair Accessory Customizer, 1.1.5, BepInEx\plugins\KK_Plugins\KK_HairAccessoryCustomizer.dll
com.deathweasel.bepinex.hcharaadjustment, H Character Adjustment, 2.0, BepInEx\plugins\KK_Plugins\KK_HCharaAdjustment.dll
com.deathweasel.bepinex.invisiblebody, Invisible Body, 1.3.2, BepInEx\plugins\KK_Plugins\KK_InvisibleBody.dll
com.deathweasel.bepinex.itemblacklist, Item Blacklist, 1.1, BepInEx\plugins\KK_Plugins\KK_ItemBlacklist.dll
com.deathweasel.bepinex.listoverride, List Override, 1.0, BepInEx\plugins\KK_Plugins\KK_ListOverride.dll
com.deathweasel.bepinex.makerdefaults, Maker Defaults, 1.0, BepInEx\plugins\KK_Plugins\KK_MakerDefaults.dll
com.deathweasel.bepinex.malejuice, Male Juice, 1.2.2, BepInEx\plugins\KK_Plugins\KK_MaleJuice.dll
com.deathweasel.bepinex.materialeditor, Material Editor, 2.1.4, BepInEx\plugins\KK_Plugins\KK_MaterialEditor.dll
com.deathweasel.bepinex.materialeditor.maker, Material Editor Maker, 2.1.4, BepInEx\plugins\KK_Plugins\KK_MaterialEditor.dll
com.deathweasel.bepinex.posefolders, Pose Folders, 1.0, BepInEx\plugins\KK_Plugins\KK_PoseFolders.dll
com.deathweasel.bepinex.pushup, Pushup, 1.2, BepInEx\plugins\KK_Plugins\KK_Pushup.dll
com.deathweasel.bepinex.randomcharactergenerator, Random Character Generator, 2.0, BepInEx\plugins\KK_Plugins\KK_RandomCharacterGenerator.dll
com.deathweasel.bepinex.reloadcharalistonchange, Reload Character List On Change, 1.5.1, BepInEx\plugins\KK_Plugins\KK_ReloadCharaListOnChange.dll
com.deathweasel.bepinex.subtitles, Subtitles, 2.0, BepInEx\plugins\KK_Plugins\KK_Subtitles.dll
gravydevsupreme.xunity.autotranslator, XUnity Auto Translator, 4.12.1, BepInEx\plugins\XUnity.AutoTranslator\XUnity.AutoTranslator.Plugin.BepIn-5x.dll
com.deathweasel.bepinex.textresourceredirector, Text Resource Redirector, 1.4.2.1, BepInEx\plugins\TranslationTools\KK_TextResourceRedirector.dll
KSOX, Skin Overlay Mod, 5.2.1, BepInEx\plugins\KK_OverlayMods.dll
com.deathweasel.bepinex.uncensorselector, Uncensor Selector, 3.10, BepInEx\plugins\KK_Plugins\KK_UncensorSelector.dll
com.gebo.BepInEx.GameDressForSuccess, Dress for Success, 1.1.1, BepInEx\plugins\GeBo_Plugins\KK_GameDressForSuccess.dll
com.gebo.BepInEx.GeBoAPI, GeBo Modding API, 1.0.1, BepInEx\plugins\GeBo_Plugins\KK_GeBoCommon.dll
com.gebo.bepinex.translationcachecleaner, Translation Cache Cleaner, 0.5.3, BepInEx\plugins\GeBo_Plugins\KK_TranslationCacheCleaner.dll
com.gebo.bepinex.translationhelper, Translation Helper, 0.9.4, BepInEx\plugins\GeBo_Plugins\KK_TranslationHelper.dll
com.jim60105.kk.pluginlisttool, Plugin List Tool, 20.8.5.0, BepInEx\plugins\jim60105\KK_PluginListTool.dll
com.joan6694.illusionplugins.kkus, KKUS, 1.9.0, BepInEx\KKUS.dll
com.rclcircuit.bepinex.modboneimplantor, Mod Bone Implantor, 0.2.4, BepInEx\plugins\ModBoneImplantor.dll
Fix_DynamicBones, Dynamic Bones Fix, 1.0, BepInEx\plugins\IllusionFixes\KK_Fix_DynamicBones.dll
Fix_HairShadows, Hair Shadows Fix, 1.0, BepInEx\plugins\IllusionFixes\KK_Fix_HairShadows.dll
HeightBar, HeightBarX, 3.3, BepInEx\plugins\KK_HeightBar.dll
IllusionMods.CharacterReplacer, Character Replacer, 1.6.2, BepInEx\plugins\KK_CharacterReplacer.dll
KCOX, Clothes Overlay Mod, 5.2.1, BepInEx\plugins\KK_OverlayMods.dll
KCOX_GUI, Clothes Overlay Mod GUI, 5.2.1, BepInEx\plugins\KK_OverlayMods.dll
keelhauled.animeassassistant, Anime Ass Assistant, 1.0.0.148, BepInEx\plugins\AnimeAssAssistant.Koikatu.dll
keelhauled.cameraframemask, CameraFrameMask, 1.0.148, BepInEx\plugins\CameraFrameMask.Koikatu.dll
keelhauled.defaultstudioscene, DefaultStudioScene, 1.0.0.148, BepInEx\plugins\DefaultStudioScene.Koikatu.dll
keelhauled.draganddrop, Drag & Drop, 1.2.1, BepInEx\plugins\DragAndDrop.Koikatu.dll
keelhauled.graphicssettings, Graphics Settings, 1.2.1, BepInEx\plugins\GraphicsSettings.dll
keelhauled.hideallui, HideAllUI, 2.2.0, BepInEx\plugins\HideAllUI.Koikatu.dll
keelhauled.lockonplugin, LockOnPlugin, 2.6.0.148, BepInEx\plugins\LockOnPlugin.Koikatu.dll
keelhauled.makerbridge, MakerBridge, 1.0.1.148, BepInEx\plugins\MakerBridge.Koikatu.dll
keelhauled.realpov, RealPOV, 1.0.2.148, BepInEx\plugins\RealPOV.Koikatu.dll
keelhauled.titleshortcuts, Title shortcuts, 1.1.2.148, BepInEx\plugins\TitleShortcuts.Koikatu.dll
keelhauled.unlockhpositions, UnlockHPositions, 1.1.0, BepInEx\UnlockHPositions.dll
KK_Ahegao, KK_Ahegao, 1.8, BepInEx\KK_Ahegao.dll
KK_ClothesLoadOption, KK_ClothesLoadOption, 0.2.0, BepInEx\KK_ClothesLoadOption.dll
KK_com.bepis.bepinex.configurationmanager, Configuration Manager wrapper for Koikatsu, 16.0, BepInEx\plugins\KK_BepisPlugins\ConfigurationManagerKK.dll
KK_Fix_CenteredHSceneCursor, Centered HScene Cursor, 14.3.1, BepInEx\plugins\IllusionFixes\KK_Fix_CenteredHSceneCursor.dll
KK_Fix_CharacterListOptimizations, Character List Optimizations, 14.3.1, BepInEx\plugins\IllusionFixes\KK_Fix_CharacterListOptimizations.dll
KK_Fix_DataCorruptionFixes, Game and Studio Data Corruption Fixes, 14.3.1, BepInEx\plugins\IllusionFixes\KK_Fix_DataCorruptionFixes.dll
KK_Fix_ExpandShaderDropdown, Fix Shader Dropdown Menu, 14.3.1, BepInEx\plugins\IllusionFixes\KK_Fix_ExpandShaderDropdown.dll
KK_Fix_GarbageTruck, KK_Fix_GarbageTruck, 14.3.1, BepInEx\plugins\IllusionFixes\KK_Fix_GarbageTruck.dll
KK_Fix_Heterochromia, Character Maker Heterochromia Fix, 14.3.1, BepInEx\plugins\IllusionFixes\KK_Fix_Heterochromia.dll
KK_Fix_MainGameOptimizations, Main Game Optimizations, 14.3.1, BepInEx\plugins\IllusionFixes\KK_Fix_MainGameOptimizations.dll
KK_Fix_MakerOptimizations, Maker Optimizations, 14.3.1, BepInEx\plugins\IllusionFixes\KK_Fix_MakerOptimizations.dll
KK_Fix_ManifestCorrector, Manifest Corrector, 14.3.1, BepInEx\plugins\IllusionFixes\KK_Fix_ManifestCorrector.dll
KK_Fix_ModdedHeadEyeliner, Head Fix, 14.3.1, BepInEx\plugins\IllusionFixes\KK_Fix_ModdedHeadEyeliner.dll
KK_Fix_NullChecks, Null Checks, 14.3.1, BepInEx\plugins\IllusionFixes\KK_Fix_NullChecks.dll
KK_Fix_PartyCardCompatibility, Party Card Compatibility, 14.3.1, BepInEx\plugins\IllusionFixes\KK_Fix_PartyCardCompatibility.dll
KK_Fix_PersonalityCorrector, Personality Corrector, 14.3.1, BepInEx\plugins\IllusionFixes\KK_Fix_PersonalityCorrector.dll
KK_Fix_ResourceUnloadOptimizations, Resource Unload Optimizations, 14.3.1, BepInEx\plugins\IllusionFixes\KK_Fix_ResourceUnloadOptimizations.dll
KK_Fix_RestoreMissingFunctions, Restore missing functions, 14.3.1, BepInEx\plugins\IllusionFixes\KK_Fix_RestoreMissingFunctions.dll
KK_Fix_SettingsVerifier, Settings Fix, 14.3.1, BepInEx\plugins\IllusionFixes\KK_Fix_SettingsVerifier.dll
KK_Fix_ShowerAccessories, Shower Accessories Fix, 14.3.1, BepInEx\plugins\IllusionFixes\KK_Fix_ShowerAccessories.dll
KK_HLightControl, KK_HLightControl, 1.2.2, BepInEx\plugins\2155X\KK_HLightControl.dll
KK_MakerAdditions, KK_MakerAdditions, 1.0.0, BepInEx\plugins\2155X\KK_MakerAdditions.dll
KK_MakerSearch, KK_MakerSearch, 1.4.0, BepInEx\plugins\2155X\KK_MakerSearch.dll
KK_MoanSoftly, Moan softly when I H you, 1.0, BepInEx\plugins\KK_MoanSoftly.dll
KK_MobAdder, Add mobs to roam mode, 3.0, BepInEx\plugins\KK_MobAdder\KK_MobAdder.dll
KKABMX.Core, KKABMX (BonemodX), 4.3.3, BepInEx\plugins\KKABMX.dll
KK_Pregnancy, KK_Pregnancy, 2.1.2, BepInEx\plugins\KK_Pregnancy.dll
koikoi.happy.nu.chase_me, Chase Me, 0.9.0, BepInEx\ChaseMe.dll
kokaiinum.KKExpandMaleMaker, Expand Male Maker, 1.0, BepInEx\plugins\KK_ExpandMaleMaker.dll
KSOX_GUI, Skin Overlay Mod GUI, 5.2.1, BepInEx\plugins\KK_OverlayMods.dll
MarC0.FPSCounter, FPS Counter, 3.1, BepInEx\plugins\FPSCounter.dll
marco.authordata, Card Author Data, 1.13.3, BepInEx\plugins\KKAPI.dll
marco.becometrap, Koikatsu: Become Trap, 2.0, BepInEx\KK_BecomeTrap.dll
marco.better_color_picker, Better Color Picker, 2.0.1, BepInEx\plugins\KK_BetterColorPicker.dll
marco.FolderBrowser, Maker/Studio Browser Folders, 2.2, BepInEx\plugins\KK_BrowserFolders.dll
marco.ImageSeriesRecorder, Image Series Recorder, 1.0, BepInEx\KKImageSeriesRecorder.dll
marco.MoreAccParents, More Accessory Parents, 1.1, BepInEx\plugins\KK_MoreAccessoryParents.dll
marco.RemoveToRecycleBin, Remove Cards To Recycle Bin, 1.1.1, BepInEx\plugins\KK_RemoveToRecycleBin.dll
Marco.SkinEffects, Additional Skin Effects, 1.7.2, BepInEx\plugins\KK_SkinEffects.dll
random_name_provider, Random Name Provider, 1.0.0.0, BepInEx\RandomNameProvider.dll
WarpToCharacters, WarpToCharacters, 1.1, BepInEx\plugins\KK_WarpToCharacters.dll